Indicator Name,Indicator Code,Country Name,Country Code,Year,Value,Disaggregation
"Proportion of women who have ever experienced intimate partner violence (modeled estimate, % of ever partnered women ages 15-49)",SG.VAW.1549.LT.ME.ZS,East Asia & Pacific,EAS,2018,20.3372228954389,"female, 15-49, Modeled"
"Proportion of women who have ever experienced intimate partner violence (modeled estimate, % of ever partnered women ages 15-49)",SG.VAW.1549.LT.ME.ZS,Europe & Central Asia,ECS,2018,20.9168945502975,"female, 15-49, Modeled"
"Proportion of women who have ever experienced intimate partner violence (modeled estimate, % of ever partnered women ages 15-49)",SG.VAW.1549.LT.ME.ZS,High income,HIC,2018,22.3115489593883,"female, 15-49, Modeled"
"Proportion of women who have ever experienced intimate partner violence (modeled estimate, % of ever partnered women ages 15-49)",SG.VAW.1549.LT.ME.ZS,Latin America & Caribbean,LCN,2018,24.971595706633,"female, 15-49, Modeled"
"Proportion of women who have ever experienced intimate partner violence (modeled estimate, % of ever partnered women ages 15-49)",SG.VAW.1549.LT.ME.ZS,Low income,LIC,2018,35.5728744068948,"female, 15-49, Modeled"
"Proportion of women who have ever experienced intimate partner violence (modeled estimate, % of ever partnered women ages 15-49)",SG.VAW.1549.LT.ME.ZS,Lower middle income,LMC,2018,32.1892559864757,"female, 15-49, Modeled"
"Proportion of women who have ever experienced intimate partner violence (modeled estimate, % of ever partnered women ages 15-49)",SG.VAW.1549.LT.ME.ZS,Middle East & North Africa,MEA,2018,29.7237718548767,"female, 15-49, Modeled"
"Proportion of women who have ever experienced intimate partner violence (modeled estimate, % of ever partnered women ages 15-49)",SG.VAW.1549.LT.ME.ZS,North America,NAC,2018,25.4215275791032,"female, 15-49, Modeled"
"Proportion of women who have ever experienced intimate partner violence (modeled estimate, % of ever partnered women ages 15-49)",SG.VAW.1549.LT.ME.ZS,South Asia,SAS,2018,35.5351837610042,"female, 15-49, Modeled"
"Proportion of women who have ever experienced intimate partner violence (modeled estimate, % of ever partnered women ages 15-49)",SG.VAW.1549.LT.ME.ZS,Sub-Saharan Africa,SSF,2018,33.0413073417528,"female, 15-49, Modeled"
"Proportion of women who have ever experienced intimate partner violence (modeled estimate, % of ever partnered women ages 15-49)",SG.VAW.1549.LT.ME.ZS,Upper middle income,UMC,2018,22.1408804724172,"female, 15-49, Modeled"
"Proportion of women who have ever experienced intimate partner violence (modeled estimate, % of ever partnered women ages 15-49)",SG.VAW.1549.LT.ME.ZS,Afghanistan,AFG,2018,46,"female, 15-49, Modeled"
"Proportion of women who have ever experienced intimate partner violence (modeled estimate, % of ever partnered women ages 15-49)",SG.VAW.1549.LT.ME.ZS,Albania,ALB,2018,13,"female, 15-49, Modeled"
"Proportion of women who have ever experienced intimate partner violence (modeled estimate, % of ever partnered women ages 15-49)",SG.VAW.1549.LT.ME.ZS,Angola,AGO,2018,38,"female, 15-49, Modeled"
"Proportion of women who have ever experienced intimate partner violence (modeled estimate, % of ever partnered women ages 15-49)",SG.VAW.1549.LT.ME.ZS,Argentina,ARG,2018,27,"female, 15-49, Modeled"
"Proportion of women who have ever experienced intimate partner violence (modeled estimate, % of ever partnered women ages 15-49)",SG.VAW.1549.LT.ME.ZS,Armenia,ARM,2018,10,"female, 15-49, Modeled"
"Proportion of women who have ever experienced intimate partner violence (modeled estimate, % of ever partnered women ages 15-49)",SG.VAW.1549.LT.ME.ZS,Australia,AUS,2018,23,"female, 15-49, Modeled"
"Proportion of women who have ever experienced intimate partner violence (modeled estimate, % of ever partnered women ages 15-49)",SG.VAW.1549.LT.ME.ZS,Austria,AUT,2018,15,"female, 15-49, Modeled"
"Proportion of women who have ever experienced intimate partner violence (modeled estimate, % of ever partnered women ages 15-49)",SG.VAW.1549.LT.ME.ZS,Azerbaijan,AZE,2018,14,"female, 15-49, Modeled"
"Proportion of women who have ever experienced intimate partner violence (modeled estimate, % of ever partnered women ages 15-49)",SG.VAW.1549.LT.ME.ZS,Bangladesh,BGD,2018,50,"female, 15-49, Modeled"
"Proportion of women who have ever experienced intimate partner violence (modeled estimate, % of ever partnered women ages 15-49)",SG.VAW.1549.LT.ME.ZS,Belarus,BLR,2018,21,"female, 15-49, Modeled"
"Proportion of women who have ever experienced intimate partner violence (modeled estimate, % of ever partnered women ages 15-49)",SG.VAW.1549.LT.ME.ZS,Belgium,BEL,2018,22,"female, 15-49, Modeled"
"Proportion of women who have ever experienced intimate partner violence (modeled estimate, % of ever partnered women ages 15-49)",SG.VAW.1549.LT.ME.ZS,Belize,BLZ,2018,24,"female, 15-49, Modeled"
"Proportion of women who have ever experienced intimate partner violence (modeled estimate, % of ever partnered women ages 15-49)",SG.VAW.1549.LT.ME.ZS,Benin,BEN,2018,26,"female, 15-49, Modeled"
"Proportion of women who have ever experienced intimate partner violence (modeled estimate, % of ever partnered women ages 15-49)",SG.VAW.1549.LT.ME.ZS,Bhutan,BTN,2018,22,"female, 15-49, Modeled"
"Proportion of women who have ever experienced intimate partner violence (modeled estimate, % of ever partnered women ages 15-49)",SG.VAW.1549.LT.ME.ZS,Bolivia,BOL,2018,42,"female, 15-49, Modeled"
"Proportion of women who have ever experienced intimate partner violence (modeled estimate, % of ever partnered women ages 15-49)",SG.VAW.1549.LT.ME.ZS,Bosnia and Herzegovina,BIH,2018,12,"female, 15-49, Modeled"
"Proportion of women who have ever experienced intimate partner violence (modeled estimate, % of ever partnered women ages 15-49)",SG.VAW.1549.LT.ME.ZS,Botswana,BWA,2018,34,"female, 15-49, Modeled"
"Proportion of women who have ever experienced intimate partner violence (modeled estimate, % of ever partnered women ages 15-49)",SG.VAW.1549.LT.ME.ZS,Brazil,BRA,2018,23,"female, 15-49, Modeled"
"Proportion of women who have ever experienced intimate partner violence (modeled estimate, % of ever partnered women ages 15-49)",SG.VAW.1549.LT.ME.ZS,Bulgaria,BGR,2018,19,"female, 15-49, Modeled"
"Proportion of women who have ever experienced intimate partner violence (modeled estimate, % of ever partnered women ages 15-49)",SG.VAW.1549.LT.ME.ZS,Burkina Faso,BFA,2018,19,"female, 15-49, Modeled"
"Proportion of women who have ever experienced intimate partner violence (modeled estimate, % of ever partnered women ages 15-49)",SG.VAW.1549.LT.ME.ZS,Burundi,BDI,2018,40,"female, 15-49, Modeled"
"Proportion of women who have ever experienced intimate partner violence (modeled estimate, % of ever partnered women ages 15-49)",SG.VAW.1549.LT.ME.ZS,Cabo Verde,CPV,2018,19,"female, 15-49, Modeled"
"Proportion of women who have ever experienced intimate partner violence (modeled estimate, % of ever partnered women ages 15-49)",SG.VAW.1549.LT.ME.ZS,Cambodia,KHM,2018,19,"female, 15-49, Modeled"
"Proportion of women who have ever experienced intimate partner violence (modeled estimate, % of ever partnered women ages 15-49)",SG.VAW.1549.LT.ME.ZS,Cameroon,CMR,2018,39,"female, 15-49, Modeled"
"Proportion of women who have ever experienced intimate partner violence (modeled estimate, % of ever partnered women ages 15-49)",SG.VAW.1549.LT.ME.ZS,Central African Republic,CAF,2018,29,"female, 15-49, Modeled"
"Proportion of women who have ever experienced intimate partner violence (modeled estimate, % of ever partnered women ages 15-49)",SG.VAW.1549.LT.ME.ZS,Chad,TCD,2018,29,"female, 15-49, Modeled"
"Proportion of women who have ever experienced intimate partner violence (modeled estimate, % of ever partnered women ages 15-49)",SG.VAW.1549.LT.ME.ZS,Chile,CHL,2018,21,"female, 15-49, Modeled"
"Proportion of women who have ever experienced intimate partner violence (modeled estimate, % of ever partnered women ages 15-49)",SG.VAW.1549.LT.ME.ZS,China,CHN,2018,19,"female, 15-49, Modeled"
"Proportion of women who have ever experienced intimate partner violence (modeled estimate, % of ever partnered women ages 15-49)",SG.VAW.1549.LT.ME.ZS,Colombia,COL,2018,30,"female, 15-49, Modeled"
"Proportion of women who have ever experienced intimate partner violence (modeled estimate, % of ever partnered women ages 15-49)",SG.VAW.1549.LT.ME.ZS,Comoros,COM,2018,16,"female, 15-49, Modeled"
"Proportion of women who have ever experienced intimate partner violence (modeled estimate, % of ever partnered women ages 15-49)",SG.VAW.1549.LT.ME.ZS,"Congo, Dem. Rep.",COD,2018,47,"female, 15-49, Modeled"
"Proportion of women who have ever experienced intimate partner violence (modeled estimate, % of ever partnered women ages 15-49)",SG.VAW.1549.LT.ME.ZS,Costa Rica,CRI,2018,27,"female, 15-49, Modeled"
"Proportion of women who have ever experienced intimate partner violence (modeled estimate, % of ever partnered women ages 15-49)",SG.VAW.1549.LT.ME.ZS,Cote d'Ivoire,CIV,2018,27,"female, 15-49, Modeled"
"Proportion of women who have ever experienced intimate partner violence (modeled estimate, % of ever partnered women ages 15-49)",SG.VAW.1549.LT.ME.ZS,Croatia,HRV,2018,13,"female, 15-49, Modeled"
"Proportion of women who have ever experienced intimate partner violence (modeled estimate, % of ever partnered women ages 15-49)",SG.VAW.1549.LT.ME.ZS,Cuba,CUB,2018,14,"female, 15-49, Modeled"
"Proportion of women who have ever experienced intimate partner violence (modeled estimate, % of ever partnered women ages 15-49)",SG.VAW.1549.LT.ME.ZS,Cyprus,CYP,2018,16,"female, 15-49, Modeled"
"Proportion of women who have ever experienced intimate partner violence (modeled estimate, % of ever partnered women ages 15-49)",SG.VAW.1549.LT.ME.ZS,Czechia,CZE,2018,22,"female, 15-49, Modeled"
"Proportion of women who have ever experienced intimate partner violence (modeled estimate, % of ever partnered women ages 15-49)",SG.VAW.1549.LT.ME.ZS,Denmark,DNK,2018,23,"female, 15-49, Modeled"
"Proportion of women who have ever experienced intimate partner violence (modeled estimate, % of ever partnered women ages 15-49)",SG.VAW.1549.LT.ME.ZS,Dominican Republic,DOM,2018,19,"female, 15-49, Modeled"
"Proportion of women who have ever experienced intimate partner violence (modeled estimate, % of ever partnered women ages 15-49)",SG.VAW.1549.LT.ME.ZS,Ecuador,ECU,2018,33,"female, 15-49, Modeled"
"Proportion of women who have ever experienced intimate partner violence (modeled estimate, % of ever partnered women ages 15-49)",SG.VAW.1549.LT.ME.ZS,"Egypt, Arab Rep.",EGY,2018,30,"female, 15-49, Modeled"
"Proportion of women who have ever experienced intimate partner violence (modeled estimate, % of ever partnered women ages 15-49)",SG.VAW.1549.LT.ME.ZS,El Salvador,SLV,2018,21,"female, 15-49, Modeled"
"Proportion of women who have ever experienced intimate partner violence (modeled estimate, % of ever partnered women ages 15-49)",SG.VAW.1549.LT.ME.ZS,Equatorial Guinea,GNQ,2018,46,"female, 15-49, Modeled"
"Proportion of women who have ever experienced intimate partner violence (modeled estimate, % of ever partnered women ages 15-49)",SG.VAW.1549.LT.ME.ZS,Estonia,EST,2018,21,"female, 15-49, Modeled"
"Proportion of women who have ever experienced intimate partner violence (modeled estimate, % of ever partnered women ages 15-49)",SG.VAW.1549.LT.ME.ZS,Ethiopia,ETH,2018,37,"female, 15-49, Modeled"
"Proportion of women who have ever experienced intimate partner violence (modeled estimate, % of ever partnered women ages 15-49)",SG.VAW.1549.LT.ME.ZS,Fiji,FJI,2018,52,"female, 15-49, Modeled"
"Proportion of women who have ever experienced intimate partner violence (modeled estimate, % of ever partnered women ages 15-49)",SG.VAW.1549.LT.ME.ZS,Finland,FIN,2018,23,"female, 15-49, Modeled"
"Proportion of women who have ever experienced intimate partner violence (modeled estimate, % of ever partnered women ages 15-49)",SG.VAW.1549.LT.ME.ZS,France,FRA,2018,22,"female, 15-49, Modeled"
"Proportion of women who have ever experienced intimate partner violence (modeled estimate, % of ever partnered women ages 15-49)",SG.VAW.1549.LT.ME.ZS,Gabon,GAB,2018,41,"female, 15-49, Modeled"
"Proportion of women who have ever experienced intimate partner violence (modeled estimate, % of ever partnered women ages 15-49)",SG.VAW.1549.LT.ME.ZS,"Gambia, The",GMB,2018,25,"female, 15-49, Modeled"
"Proportion of women who have ever experienced intimate partner violence (modeled estimate, % of ever partnered women ages 15-49)",SG.VAW.1549.LT.ME.ZS,Georgia,GEO,2018,10,"female, 15-49, Modeled"
"Proportion of women who have ever experienced intimate partner violence (modeled estimate, % of ever partnered women ages 15-49)",SG.VAW.1549.LT.ME.ZS,Germany,DEU,2018,21,"female, 15-49, Modeled"
"Proportion of women who have ever experienced intimate partner violence (modeled estimate, % of ever partnered women ages 15-49)",SG.VAW.1549.LT.ME.ZS,Ghana,GHA,2018,24,"female, 15-49, Modeled"
"Proportion of women who have ever experienced intimate partner violence (modeled estimate, % of ever partnered women ages 15-49)",SG.VAW.1549.LT.ME.ZS,Greece,GRC,2018,18,"female, 15-49, Modeled"
"Proportion of women who have ever experienced intimate partner violence (modeled estimate, % of ever partnered women ages 15-49)",SG.VAW.1549.LT.ME.ZS,Grenada,GRD,2018,28,"female, 15-49, Modeled"
"Proportion of women who have ever experienced intimate partner violence (modeled estimate, % of ever partnered women ages 15-49)",SG.VAW.1549.LT.ME.ZS,Guatemala,GTM,2018,21,"female, 15-49, Modeled"
"Proportion of women who have ever experienced intimate partner violence (modeled estimate, % of ever partnered women ages 15-49)",SG.VAW.1549.LT.ME.ZS,Guinea,GIN,2018,37,"female, 15-49, Modeled"
"Proportion of women who have ever experienced intimate partner violence (modeled estimate, % of ever partnered women ages 15-49)",SG.VAW.1549.LT.ME.ZS,Guyana,GUY,2018,31,"female, 15-49, Modeled"
"Proportion of women who have ever experienced intimate partner violence (modeled estimate, % of ever partnered women ages 15-49)",SG.VAW.1549.LT.ME.ZS,Haiti,HTI,2018,23,"female, 15-49, Modeled"
"Proportion of women who have ever experienced intimate partner violence (modeled estimate, % of ever partnered women ages 15-49)",SG.VAW.1549.LT.ME.ZS,Honduras,HND,2018,17,"female, 15-49, Modeled"
"Proportion of women who have ever experienced intimate partner violence (modeled estimate, % of ever partnered women ages 15-49)",SG.VAW.1549.LT.ME.ZS,"Hong Kong SAR, China",HKG,2018,13,"female, 15-49, Modeled"
"Proportion of women who have ever experienced intimate partner violence (modeled estimate, % of ever partnered women ages 15-49)",SG.VAW.1549.LT.ME.ZS,Hungary,HUN,2018,19,"female, 15-49, Modeled"
"Proportion of women who have ever experienced intimate partner violence (modeled estimate, % of ever partnered women ages 15-49)",SG.VAW.1549.LT.ME.ZS,Iceland,ISL,2018,21,"female, 15-49, Modeled"
"Proportion of women who have ever experienced intimate partner violence (modeled estimate, % of ever partnered women ages 15-49)",SG.VAW.1549.LT.ME.ZS,India,IND,2018,35,"female, 15-49, Modeled"
"Proportion of women who have ever experienced intimate partner violence (modeled estimate, % of ever partnered women ages 15-49)",SG.VAW.1549.LT.ME.ZS,Indonesia,IDN,2018,22,"female, 15-49, Modeled"
"Proportion of women who have ever experienced intimate partner violence (modeled estimate, % of ever partnered women ages 15-49)",SG.VAW.1549.LT.ME.ZS,"Iran, Islamic Rep.",IRN,2018,31,"female, 15-49, Modeled"
"Proportion of women who have ever experienced intimate partner violence (modeled estimate, % of ever partnered women ages 15-49)",SG.VAW.1549.LT.ME.ZS,Iraq,IRQ,2018,26,"female, 15-49, Modeled"
"Proportion of women who have ever experienced intimate partner violence (modeled estimate, % of ever partnered women ages 15-49)",SG.VAW.1549.LT.ME.ZS,Ireland,IRL,2018,16,"female, 15-49, Modeled"
"Proportion of women who have ever experienced intimate partner violence (modeled estimate, % of ever partnered women ages 15-49)",SG.VAW.1549.LT.ME.ZS,Italy,ITA,2018,16,"female, 15-49, Modeled"
"Proportion of women who have ever experienced intimate partner violence (modeled estimate, % of ever partnered women ages 15-49)",SG.VAW.1549.LT.ME.ZS,Jamaica,JAM,2018,24,"female, 15-49, Modeled"
"Proportion of women who have ever experienced intimate partner violence (modeled estimate, % of ever partnered women ages 15-49)",SG.VAW.1549.LT.ME.ZS,Japan,JPN,2018,20,"female, 15-49, Modeled"
"Proportion of women who have ever experienced intimate partner violence (modeled estimate, % of ever partnered women ages 15-49)",SG.VAW.1549.LT.ME.ZS,Jordan,JOR,2018,24,"female, 15-49, Modeled"
"Proportion of women who have ever experienced intimate partner violence (modeled estimate, % of ever partnered women ages 15-49)",SG.VAW.1549.LT.ME.ZS,Kazakhstan,KAZ,2018,16,"female, 15-49, Modeled"
"Proportion of women who have ever experienced intimate partner violence (modeled estimate, % of ever partnered women ages 15-49)",SG.VAW.1549.LT.ME.ZS,Kenya,KEN,2018,38,"female, 15-49, Modeled"
"Proportion of women who have ever experienced intimate partner violence (modeled estimate, % of ever partnered women ages 15-49)",SG.VAW.1549.LT.ME.ZS,Kiribati,KIR,2018,53,"female, 15-49, Modeled"
"Proportion of women who have ever experienced intimate partner violence (modeled estimate, % of ever partnered women ages 15-49)",SG.VAW.1549.LT.ME.ZS,Kosovo,XKX,2018,13,"female, 15-49, Modeled"
"Proportion of women who have ever experienced intimate partner violence (modeled estimate, % of ever partnered women ages 15-49)",SG.VAW.1549.LT.ME.ZS,Kyrgyz Republic,KGZ,2018,23,"female, 15-49, Modeled"
"Proportion of women who have ever experienced intimate partner violence (modeled estimate, % of ever partnered women ages 15-49)",SG.VAW.1549.LT.ME.ZS,Lao PDR,LAO,2018,19,"female, 15-49, Modeled"
"Proportion of women who have ever experienced intimate partner violence (modeled estimate, % of ever partnered women ages 15-49)",SG.VAW.1549.LT.ME.ZS,Latvia,LVA,2018,25,"female, 15-49, Modeled"
"Proportion of women who have ever experienced intimate partner violence (modeled estimate, % of ever partnered women ages 15-49)",SG.VAW.1549.LT.ME.ZS,Lesotho,LSO,2018,40,"female, 15-49, Modeled"
"Proportion of women who have ever experienced intimate partner violence (modeled estimate, % of ever partnered women ages 15-49)",SG.VAW.1549.LT.ME.ZS,Liberia,LBR,2018,43,"female, 15-49, Modeled"
"Proportion of women who have ever experienced intimate partner violence (modeled estimate, % of ever partnered women ages 15-49)",SG.VAW.1549.LT.ME.ZS,Lithuania,LTU,2018,22,"female, 15-49, Modeled"
"Proportion of women who have ever experienced intimate partner violence (modeled estimate, % of ever partnered women ages 15-49)",SG.VAW.1549.LT.ME.ZS,Luxembourg,LUX,2018,20,"female, 15-49, Modeled"
"Proportion of women who have ever experienced intimate partner violence (modeled estimate, % of ever partnered women ages 15-49)",SG.VAW.1549.LT.ME.ZS,Malawi,MWI,2018,30,"female, 15-49, Modeled"
"Proportion of women who have ever experienced intimate partner violence (modeled estimate, % of ever partnered women ages 15-49)",SG.VAW.1549.LT.ME.ZS,Malaysia,MYS,2018,19,"female, 15-49, Modeled"
"Proportion of women who have ever experienced intimate partner violence (modeled estimate, % of ever partnered women ages 15-49)",SG.VAW.1549.LT.ME.ZS,Maldives,MDV,2018,19,"female, 15-49, Modeled"
"Proportion of women who have ever experienced intimate partner violence (modeled estimate, % of ever partnered women ages 15-49)",SG.VAW.1549.LT.ME.ZS,Mali,MLI,2018,29,"female, 15-49, Modeled"
"Proportion of women who have ever experienced intimate partner violence (modeled estimate, % of ever partnered women ages 15-49)",SG.VAW.1549.LT.ME.ZS,Malta,MLT,2018,17,"female, 15-49, Modeled"
"Proportion of women who have ever experienced intimate partner violence (modeled estimate, % of ever partnered women ages 15-49)",SG.VAW.1549.LT.ME.ZS,Marshall Islands,MHL,2018,38,"female, 15-49, Modeled"
"Proportion of women who have ever experienced intimate partner violence (modeled estimate, % of ever partnered women ages 15-49)",SG.VAW.1549.LT.ME.ZS,Mexico,MEX,2018,24,"female, 15-49, Modeled"
"Proportion of women who have ever experienced intimate partner violence (modeled estimate, % of ever partnered women ages 15-49)",SG.VAW.1549.LT.ME.ZS,"Micronesia, Fed. Sts.",FSM,2018,35,"female, 15-49, Modeled"
"Proportion of women who have ever experienced intimate partner violence (modeled estimate, % of ever partnered women ages 15-49)",SG.VAW.1549.LT.ME.ZS,Moldova,MDA,2018,27,"female, 15-49, Modeled"
"Proportion of women who have ever experienced intimate partner violence (modeled estimate, % of ever partnered women ages 15-49)",SG.VAW.1549.LT.ME.ZS,Mongolia,MNG,2018,27,"female, 15-49, Modeled"
"Proportion of women who have ever experienced intimate partner violence (modeled estimate, % of ever partnered women ages 15-49)",SG.VAW.1549.LT.ME.ZS,Montenegro,MNE,2018,16,"female, 15-49, Modeled"
"Proportion of women who have ever experienced intimate partner violence (modeled estimate, % of ever partnered women ages 15-49)",SG.VAW.1549.LT.ME.ZS,Mozambique,MOZ,2018,30,"female, 15-49, Modeled"
"Proportion of women who have ever experienced intimate partner violence (modeled estimate, % of ever partnered women ages 15-49)",SG.VAW.1549.LT.ME.ZS,Myanmar,MMR,2018,19,"female, 15-49, Modeled"
"Proportion of women who have ever experienced intimate partner violence (modeled estimate, % of ever partnered women ages 15-49)",SG.VAW.1549.LT.ME.ZS,Namibia,NAM,2018,27,"female, 15-49, Modeled"
"Proportion of women who have ever experienced intimate partner violence (modeled estimate, % of ever partnered women ages 15-49)",SG.VAW.1549.LT.ME.ZS,Nauru,NRU,2018,43,"female, 15-49, Modeled"
"Proportion of women who have ever experienced intimate partner violence (modeled estimate, % of ever partnered women ages 15-49)",SG.VAW.1549.LT.ME.ZS,Nepal,NPL,2018,27,"female, 15-49, Modeled"
"Proportion of women who have ever experienced intimate partner violence (modeled estimate, % of ever partnered women ages 15-49)",SG.VAW.1549.LT.ME.ZS,Netherlands,NLD,2018,21,"female, 15-49, Modeled"
"Proportion of women who have ever experienced intimate partner violence (modeled estimate, % of ever partnered women ages 15-49)",SG.VAW.1549.LT.ME.ZS,New Zealand,NZL,2018,23,"female, 15-49, Modeled"
"Proportion of women who have ever experienced intimate partner violence (modeled estimate, % of ever partnered women ages 15-49)",SG.VAW.1549.LT.ME.ZS,Nicaragua,NIC,2018,23,"female, 15-49, Modeled"
"Proportion of women who have ever experienced intimate partner violence (modeled estimate, % of ever partnered women ages 15-49)",SG.VAW.1549.LT.ME.ZS,Nigeria,NGA,2018,24,"female, 15-49, Modeled"
"Proportion of women who have ever experienced intimate partner violence (modeled estimate, % of ever partnered women ages 15-49)",SG.VAW.1549.LT.ME.ZS,North Macedonia,MKD,2018,13,"female, 15-49, Modeled"
"Proportion of women who have ever experienced intimate partner violence (modeled estimate, % of ever partnered women ages 15-49)",SG.VAW.1549.LT.ME.ZS,Norway,NOR,2018,20,"female, 15-49, Modeled"
"Proportion of women who have ever experienced intimate partner violence (modeled estimate, % of ever partnered women ages 15-49)",SG.VAW.1549.LT.ME.ZS,Pakistan,PAK,2018,29,"female, 15-49, Modeled"
"Proportion of women who have ever experienced intimate partner violence (modeled estimate, % of ever partnered women ages 15-49)",SG.VAW.1549.LT.ME.ZS,Palau,PLW,2018,31,"female, 15-49, Modeled"
"Proportion of women who have ever experienced intimate partner violence (modeled estimate, % of ever partnered women ages 15-49)",SG.VAW.1549.LT.ME.ZS,Panama,PAN,2018,16,"female, 15-49, Modeled"
"Proportion of women who have ever experienced intimate partner violence (modeled estimate, % of ever partnered women ages 15-49)",SG.VAW.1549.LT.ME.ZS,Papua New Guinea,PNG,2018,51,"female, 15-49, Modeled"
"Proportion of women who have ever experienced intimate partner violence (modeled estimate, % of ever partnered women ages 15-49)",SG.VAW.1549.LT.ME.ZS,Paraguay,PRY,2018,18,"female, 15-49, Modeled"
"Proportion of women who have ever experienced intimate partner violence (modeled estimate, % of ever partnered women ages 15-49)",SG.VAW.1549.LT.ME.ZS,Peru,PER,2018,38,"female, 15-49, Modeled"
"Proportion of women who have ever experienced intimate partner violence (modeled estimate, % of ever partnered women ages 15-49)",SG.VAW.1549.LT.ME.ZS,Philippines,PHL,2018,14,"female, 15-49, Modeled"
"Proportion of women who have ever experienced intimate partner violence (modeled estimate, % of ever partnered women ages 15-49)",SG.VAW.1549.LT.ME.ZS,Poland,POL,2018,13,"female, 15-49, Modeled"
"Proportion of women who have ever experienced intimate partner violence (modeled estimate, % of ever partnered women ages 15-49)",SG.VAW.1549.LT.ME.ZS,Portugal,PRT,2018,18,"female, 15-49, Modeled"
"Proportion of women who have ever experienced intimate partner violence (modeled estimate, % of ever partnered women ages 15-49)",SG.VAW.1549.LT.ME.ZS,Romania,ROU,2018,18,"female, 15-49, Modeled"
"Proportion of women who have ever experienced intimate partner violence (modeled estimate, % of ever partnered women ages 15-49)",SG.VAW.1549.LT.ME.ZS,Rwanda,RWA,2018,38,"female, 15-49, Modeled"
"Proportion of women who have ever experienced intimate partner violence (modeled estimate, % of ever partnered women ages 15-49)",SG.VAW.1549.LT.ME.ZS,Samoa,WSM,2018,40,"female, 15-49, Modeled"
"Proportion of women who have ever experienced intimate partner violence (modeled estimate, % of ever partnered women ages 15-49)",SG.VAW.1549.LT.ME.ZS,Sao Tome and Principe,STP,2018,27,"female, 15-49, Modeled"
"Proportion of women who have ever experienced intimate partner violence (modeled estimate, % of ever partnered women ages 15-49)",SG.VAW.1549.LT.ME.ZS,Senegal,SEN,2018,24,"female, 15-49, Modeled"
"Proportion of women who have ever experienced intimate partner violence (modeled estimate, % of ever partnered women ages 15-49)",SG.VAW.1549.LT.ME.ZS,Serbia,SRB,2018,17,"female, 15-49, Modeled"
"Proportion of women who have ever experienced intimate partner violence (modeled estimate, % of ever partnered women ages 15-49)",SG.VAW.1549.LT.ME.ZS,Sierra Leone,SLE,2018,36,"female, 15-49, Modeled"
"Proportion of women who have ever experienced intimate partner violence (modeled estimate, % of ever partnered women ages 15-49)",SG.VAW.1549.LT.ME.ZS,Singapore,SGP,2018,11,"female, 15-49, Modeled"
"Proportion of women who have ever experienced intimate partner violence (modeled estimate, % of ever partnered women ages 15-49)",SG.VAW.1549.LT.ME.ZS,Slovak Republic,SVK,2018,18,"female, 15-49, Modeled"
"Proportion of women who have ever experienced intimate partner violence (modeled estimate, % of ever partnered women ages 15-49)",SG.VAW.1549.LT.ME.ZS,Slovenia,SVN,2018,18,"female, 15-49, Modeled"
"Proportion of women who have ever experienced intimate partner violence (modeled estimate, % of ever partnered women ages 15-49)",SG.VAW.1549.LT.ME.ZS,Solomon Islands,SLB,2018,50,"female, 15-49, Modeled"
"Proportion of women who have ever experienced intimate partner violence (modeled estimate, % of ever partnered women ages 15-49)",SG.VAW.1549.LT.ME.ZS,South Africa,ZAF,2018,24,"female, 15-49, Modeled"
"Proportion of women who have ever experienced intimate partner violence (modeled estimate, % of ever partnered women ages 15-49)",SG.VAW.1549.LT.ME.ZS,South Sudan,SSD,2018,41,"female, 15-49, Modeled"
"Proportion of women who have ever experienced intimate partner violence (modeled estimate, % of ever partnered women ages 15-49)",SG.VAW.1549.LT.ME.ZS,Spain,ESP,2018,15,"female, 15-49, Modeled"
"Proportion of women who have ever experienced intimate partner violence (modeled estimate, % of ever partnered women ages 15-49)",SG.VAW.1549.LT.ME.ZS,Sri Lanka,LKA,2018,24,"female, 15-49, Modeled"
"Proportion of women who have ever experienced intimate partner violence (modeled estimate, % of ever partnered women ages 15-49)",SG.VAW.1549.LT.ME.ZS,Suriname,SUR,2018,28,"female, 15-49, Modeled"
"Proportion of women who have ever experienced intimate partner violence (modeled estimate, % of ever partnered women ages 15-49)",SG.VAW.1549.LT.ME.ZS,Sweden,SWE,2018,21,"female, 15-49, Modeled"
"Proportion of women who have ever experienced intimate partner violence (modeled estimate, % of ever partnered women ages 15-49)",SG.VAW.1549.LT.ME.ZS,Switzerland,CHE,2018,12,"female, 15-49, Modeled"
"Proportion of women who have ever experienced intimate partner violence (modeled estimate, % of ever partnered women ages 15-49)",SG.VAW.1549.LT.ME.ZS,Tajikistan,TJK,2018,24,"female, 15-49, Modeled"
"Proportion of women who have ever experienced intimate partner violence (modeled estimate, % of ever partnered women ages 15-49)",SG.VAW.1549.LT.ME.ZS,Tanzania,TZA,2018,38,"female, 15-49, Modeled"
"Proportion of women who have ever experienced intimate partner violence (modeled estimate, % of ever partnered women ages 15-49)",SG.VAW.1549.LT.ME.ZS,Thailand,THA,2018,24,"female, 15-49, Modeled"
"Proportion of women who have ever experienced intimate partner violence (modeled estimate, % of ever partnered women ages 15-49)",SG.VAW.1549.LT.ME.ZS,Timor-Leste,TLS,2018,38,"female, 15-49, Modeled"
"Proportion of women who have ever experienced intimate partner violence (modeled estimate, % of ever partnered women ages 15-49)",SG.VAW.1549.LT.ME.ZS,Togo,TGO,2018,25,"female, 15-49, Modeled"
"Proportion of women who have ever experienced intimate partner violence (modeled estimate, % of ever partnered women ages 15-49)",SG.VAW.1549.LT.ME.ZS,Tonga,TON,2018,37,"female, 15-49, Modeled"
"Proportion of women who have ever experienced intimate partner violence (modeled estimate, % of ever partnered women ages 15-49)",SG.VAW.1549.LT.ME.ZS,Trinidad and Tobago,TTO,2018,28,"female, 15-49, Modeled"
"Proportion of women who have ever experienced intimate partner violence (modeled estimate, % of ever partnered women ages 15-49)",SG.VAW.1549.LT.ME.ZS,Tunisia,TUN,2018,25,"female, 15-49, Modeled"
"Proportion of women who have ever experienced intimate partner violence (modeled estimate, % of ever partnered women ages 15-49)",SG.VAW.1549.LT.ME.ZS,Turkiye,TUR,2018,32,"female, 15-49, Modeled"
"Proportion of women who have ever experienced intimate partner violence (modeled estimate, % of ever partnered women ages 15-49)",SG.VAW.1549.LT.ME.ZS,Tuvalu,TUV,2018,39,"female, 15-49, Modeled"
"Proportion of women who have ever experienced intimate partner violence (modeled estimate, % of ever partnered women ages 15-49)",SG.VAW.1549.LT.ME.ZS,Uganda,UGA,2018,45,"female, 15-49, Modeled"
"Proportion of women who have ever experienced intimate partner violence (modeled estimate, % of ever partnered women ages 15-49)",SG.VAW.1549.LT.ME.ZS,Ukraine,UKR,2018,18,"female, 15-49, Modeled"
"Proportion of women who have ever experienced intimate partner violence (modeled estimate, % of ever partnered women ages 15-49)",SG.VAW.1549.LT.ME.ZS,United Kingdom,GBR,2018,24,"female, 15-49, Modeled"
"Proportion of women who have ever experienced intimate partner violence (modeled estimate, % of ever partnered women ages 15-49)",SG.VAW.1549.LT.ME.ZS,United States,USA,2018,26,"female, 15-49, Modeled"
"Proportion of women who have ever experienced intimate partner violence (modeled estimate, % of ever partnered women ages 15-49)",SG.VAW.1549.LT.ME.ZS,Uruguay,URY,2018,18,"female, 15-49, Modeled"
"Proportion of women who have ever experienced intimate partner violence (modeled estimate, % of ever partnered women ages 15-49)",SG.VAW.1549.LT.ME.ZS,Vanuatu,VUT,2018,47,"female, 15-49, Modeled"
"Proportion of women who have ever experienced intimate partner violence (modeled estimate, % of ever partnered women ages 15-49)",SG.VAW.1549.LT.ME.ZS,"Venezuela, RB",VEN,2018,19,"female, 15-49, Modeled"
"Proportion of women who have ever experienced intimate partner violence (modeled estimate, % of ever partnered women ages 15-49)",SG.VAW.1549.LT.ME.ZS,Vietnam,VNM,2018,25,"female, 15-49, Modeled"
"Proportion of women who have ever experienced intimate partner violence (modeled estimate, % of ever partnered women ages 15-49)",SG.VAW.1549.LT.ME.ZS,West Bank and Gaza,PSE,2018,29,"female, 15-49, Modeled"
"Proportion of women who have ever experienced intimate partner violence (modeled estimate, % of ever partnered women ages 15-49)",SG.VAW.1549.LT.ME.ZS,Zambia,ZMB,2018,41,"female, 15-49, Modeled"
"Proportion of women who have ever experienced intimate partner violence (modeled estimate, % of ever partnered women ages 15-49)",SG.VAW.1549.LT.ME.ZS,Zimbabwe,ZWE,2018,35,"female, 15-49, Modeled"
Proportion of women who have ever experienced intimate partner violence (% of ever-married women ages 15-49),SG.VAW.IPVE.ZS,Afghanistan,AFG,2015,50.8,"female, 15-49, National"
Proportion of women who have ever experienced intimate partner violence (% of ever-married women ages 15-49),SG.VAW.IPVE.ZS,Angola,AGO,2016,33.9,"female, 15-49, National"
Proportion of women who have ever experienced intimate partner violence (% of ever-married women ages 15-49),SG.VAW.IPVE.ZS,Armenia,ARM,2016,8.1,"female, 15-49, National"
Proportion of women who have ever experienced intimate partner violence (% of ever-married women ages 15-49),SG.VAW.IPVE.ZS,Azerbaijan,AZE,2006,13.5,"female, 15-49, National"
Proportion of women who have ever experienced intimate partner violence (% of ever-married women ages 15-49),SG.VAW.IPVE.ZS,Bangladesh,BGD,2007,53.3,"female, 15-49, National"
Proportion of women who have ever experienced intimate partner violence (% of ever-married women ages 15-49),SG.VAW.IPVE.ZS,Benin,BEN,2018,22.4,"female, 15-49, National"
Proportion of women who have ever experienced intimate partner violence (% of ever-married women ages 15-49),SG.VAW.IPVE.ZS,Burkina Faso,BFA,2010,11.5,"female, 15-49, National"
Proportion of women who have ever experienced intimate partner violence (% of ever-married women ages 15-49),SG.VAW.IPVE.ZS,Burundi,BDI,2017,46.7,"female, 15-49, National"
Proportion of women who have ever experienced intimate partner violence (% of ever-married women ages 15-49),SG.VAW.IPVE.ZS,Cambodia,KHM,2014,18.2,"female, 15-49, National"
Proportion of women who have ever experienced intimate partner violence (% of ever-married women ages 15-49),SG.VAW.IPVE.ZS,Cambodia,KHM,2005,13.7,"female, 15-49, National"
Proportion of women who have ever experienced intimate partner violence (% of ever-married women ages 15-49),SG.VAW.IPVE.ZS,Cambodia,KHM,2000,17.1,"female, 15-49, National"
Proportion of women who have ever experienced intimate partner violence (% of ever-married women ages 15-49),SG.VAW.IPVE.ZS,Cameroon,CMR,2018,36.1,"female, 15-49, National"
Proportion of women who have ever experienced intimate partner violence (% of ever-married women ages 15-49),SG.VAW.IPVE.ZS,Cameroon,CMR,2011,51.1,"female, 15-49, National"
Proportion of women who have ever experienced intimate partner violence (% of ever-married women ages 15-49),SG.VAW.IPVE.ZS,Cameroon,CMR,2004,43,"female, 15-49, National"
Proportion of women who have ever experienced intimate partner violence (% of ever-married women ages 15-49),SG.VAW.IPVE.ZS,Chad,TCD,2015,28.6,"female, 15-49, National"
Proportion of women who have ever experienced intimate partner violence (% of ever-married women ages 15-49),SG.VAW.IPVE.ZS,Colombia,COL,2010,37.4,"female, 15-49, National"
Proportion of women who have ever experienced intimate partner violence (% of ever-married women ages 15-49),SG.VAW.IPVE.ZS,Colombia,COL,2005,39.5,"female, 15-49, National"
Proportion of women who have ever experienced intimate partner violence (% of ever-married women ages 15-49),SG.VAW.IPVE.ZS,Colombia,COL,2000,40.7,"female, 15-49, National"
Proportion of women who have ever experienced intimate partner violence (% of ever-married women ages 15-49),SG.VAW.IPVE.ZS,Comoros,COM,2012,6.4,"female, 15-49, National"
Proportion of women who have ever experienced intimate partner violence (% of ever-married women ages 15-49),SG.VAW.IPVE.ZS,"Congo, Dem. Rep.",COD,2014,50.7,"female, 15-49, National"
Proportion of women who have ever experienced intimate partner violence (% of ever-married women ages 15-49),SG.VAW.IPVE.ZS,"Congo, Dem. Rep.",COD,2007,64.1,"female, 15-49, National"
Proportion of women who have ever experienced intimate partner violence (% of ever-married women ages 15-49),SG.VAW.IPVE.ZS,Cote d'Ivoire,CIV,2012,25.9,"female, 15-49, National"
Proportion of women who have ever experienced intimate partner violence (% of ever-married women ages 15-49),SG.VAW.IPVE.ZS,Dominican Republic,DOM,2013,20.4,"female, 15-49, National"
Proportion of women who have ever experienced intimate partner violence (% of ever-married women ages 15-49),SG.VAW.IPVE.ZS,Dominican Republic,DOM,2007,17.2,"female, 15-49, National"
Proportion of women who have ever experienced intimate partner violence (% of ever-married women ages 15-49),SG.VAW.IPVE.ZS,Dominican Republic,DOM,2002,19.2,"female, 15-49, National"
Proportion of women who have ever experienced intimate partner violence (% of ever-married women ages 15-49),SG.VAW.IPVE.ZS,"Egypt, Arab Rep.",EGY,2014,25.6,"female, 15-49, National"
Proportion of women who have ever experienced intimate partner violence (% of ever-married women ages 15-49),SG.VAW.IPVE.ZS,Ethiopia,ETH,2016,26.3,"female, 15-49, National"
Proportion of women who have ever experienced intimate partner violence (% of ever-married women ages 15-49),SG.VAW.IPVE.ZS,Gabon,GAB,2012,48.6,"female, 15-49, National"
Proportion of women who have ever experienced intimate partner violence (% of ever-married women ages 15-49),SG.VAW.IPVE.ZS,"Gambia, The",GMB,2013,20.1,"female, 15-49, National"
Proportion of women who have ever experienced intimate partner violence (% of ever-married women ages 15-49),SG.VAW.IPVE.ZS,Ghana,GHA,2008,24.4,"female, 15-49, National"
Proportion of women who have ever experienced intimate partner violence (% of ever-married women ages 15-49),SG.VAW.IPVE.ZS,Guatemala,GTM,2015,18,"female, 15-49, National"
Proportion of women who have ever experienced intimate partner violence (% of ever-married women ages 15-49),SG.VAW.IPVE.ZS,Haiti,HTI,2017,23.5,"female, 15-49, National"
Proportion of women who have ever experienced intimate partner violence (% of ever-married women ages 15-49),SG.VAW.IPVE.ZS,Haiti,HTI,2012,20.8,"female, 15-49, National"
Proportion of women who have ever experienced intimate partner violence (% of ever-married women ages 15-49),SG.VAW.IPVE.ZS,Haiti,HTI,2006,25,"female, 15-49, National"
Proportion of women who have ever experienced intimate partner violence (% of ever-married women ages 15-49),SG.VAW.IPVE.ZS,Haiti,HTI,2000,26.1,"female, 15-49, National"
Proportion of women who have ever experienced intimate partner violence (% of ever-married women ages 15-49),SG.VAW.IPVE.ZS,Honduras,HND,2012,21.6,"female, 15-49, National"
Proportion of women who have ever experienced intimate partner violence (% of ever-married women ages 15-49),SG.VAW.IPVE.ZS,India,IND,2016,28.7,"female, 15-49, National"
Proportion of women who have ever experienced intimate partner violence (% of ever-married women ages 15-49),SG.VAW.IPVE.ZS,India,IND,2006,37.2,"female, 15-49, National"
Proportion of women who have ever experienced intimate partner violence (% of ever-married women ages 15-49),SG.VAW.IPVE.ZS,Jordan,JOR,2018,18.9,"female, 15-49, National"
Proportion of women who have ever experienced intimate partner violence (% of ever-married women ages 15-49),SG.VAW.IPVE.ZS,Jordan,JOR,2012,23.6,"female, 15-49, National"
Proportion of women who have ever experienced intimate partner violence (% of ever-married women ages 15-49),SG.VAW.IPVE.ZS,Jordan,JOR,2007,23,"female, 15-49, National"
Proportion of women who have ever experienced intimate partner violence (% of ever-married women ages 15-49),SG.VAW.IPVE.ZS,Kenya,KEN,2014,39.4,"female, 15-49, National"
Proportion of women who have ever experienced intimate partner violence (% of ever-married women ages 15-49),SG.VAW.IPVE.ZS,Kenya,KEN,2009,39.2,"female, 15-49, National"
Proportion of women who have ever experienced intimate partner violence (% of ever-married women ages 15-49),SG.VAW.IPVE.ZS,Kenya,KEN,2003,42.9,"female, 15-49, National"
Proportion of women who have ever experienced intimate partner violence (% of ever-married women ages 15-49),SG.VAW.IPVE.ZS,Kyrgyz Republic,KGZ,2012,25.4,"female, 15-49, National"
Proportion of women who have ever experienced intimate partner violence (% of ever-married women ages 15-49),SG.VAW.IPVE.ZS,Liberia,LBR,2020,45.6,"female, 15-49, National"
Proportion of women who have ever experienced intimate partner violence (% of ever-married women ages 15-49),SG.VAW.IPVE.ZS,Liberia,LBR,2007,38.5,"female, 15-49, National"
Proportion of women who have ever experienced intimate partner violence (% of ever-married women ages 15-49),SG.VAW.IPVE.ZS,Malawi,MWI,2016,33.8,"female, 15-49, National"
Proportion of women who have ever experienced intimate partner violence (% of ever-married women ages 15-49),SG.VAW.IPVE.ZS,Malawi,MWI,2010,31,"female, 15-49, National"
Proportion of women who have ever experienced intimate partner violence (% of ever-married women ages 15-49),SG.VAW.IPVE.ZS,Malawi,MWI,2004,27.8,"female, 15-49, National"
Proportion of women who have ever experienced intimate partner violence (% of ever-married women ages 15-49),SG.VAW.IPVE.ZS,Maldives,MDV,2017,12.6,"female, 15-49, National"
Proportion of women who have ever experienced intimate partner violence (% of ever-married women ages 15-49),SG.VAW.IPVE.ZS,Mali,MLI,2018,38.5,"female, 15-49, National"
Proportion of women who have ever experienced intimate partner violence (% of ever-married women ages 15-49),SG.VAW.IPVE.ZS,Mali,MLI,2013,34.6,"female, 15-49, National"
Proportion of women who have ever experienced intimate partner violence (% of ever-married women ages 15-49),SG.VAW.IPVE.ZS,Mali,MLI,2006,21.1,"female, 15-49, National"
Proportion of women who have ever experienced intimate partner violence (% of ever-married women ages 15-49),SG.VAW.IPVE.ZS,Moldova,MDA,2005,3.4,"female, 15-49, National"
Proportion of women who have ever experienced intimate partner violence (% of ever-married women ages 15-49),SG.VAW.IPVE.ZS,Mozambique,MOZ,2015,18.8,"female, 15-49, National"
Proportion of women who have ever experienced intimate partner violence (% of ever-married women ages 15-49),SG.VAW.IPVE.ZS,Mozambique,MOZ,2011,33.1,"female, 15-49, National"
Proportion of women who have ever experienced intimate partner violence (% of ever-married women ages 15-49),SG.VAW.IPVE.ZS,Myanmar,MMR,2016,16.3,"female, 15-49, National"
Proportion of women who have ever experienced intimate partner violence (% of ever-married women ages 15-49),SG.VAW.IPVE.ZS,Namibia,NAM,2013,25,"female, 15-49, National"
Proportion of women who have ever experienced intimate partner violence (% of ever-married women ages 15-49),SG.VAW.IPVE.ZS,Nepal,NPL,2016,24.3,"female, 15-49, National"
Proportion of women who have ever experienced intimate partner violence (% of ever-married women ages 15-49),SG.VAW.IPVE.ZS,Nepal,NPL,2011,28.2,"female, 15-49, National"
Proportion of women who have ever experienced intimate partner violence (% of ever-married women ages 15-49),SG.VAW.IPVE.ZS,Nigeria,NGA,2018,21.4,"female, 15-49, National"
Proportion of women who have ever experienced intimate partner violence (% of ever-married women ages 15-49),SG.VAW.IPVE.ZS,Nigeria,NGA,2013,16.2,"female, 15-49, National"
Proportion of women who have ever experienced intimate partner violence (% of ever-married women ages 15-49),SG.VAW.IPVE.ZS,Nigeria,NGA,2008,18.3,"female, 15-49, National"
Proportion of women who have ever experienced intimate partner violence (% of ever-married women ages 15-49),SG.VAW.IPVE.ZS,Pakistan,PAK,2018,23.7,"female, 15-49, National"
Proportion of women who have ever experienced intimate partner violence (% of ever-married women ages 15-49),SG.VAW.IPVE.ZS,Papua New Guinea,PNG,2018,57.1,"female, 15-49, National"
Proportion of women who have ever experienced intimate partner violence (% of ever-married women ages 15-49),SG.VAW.IPVE.ZS,Peru,PER,2012,37.2,"female, 15-49, National"
Proportion of women who have ever experienced intimate partner violence (% of ever-married women ages 15-49),SG.VAW.IPVE.ZS,Peru,PER,2011,38.9,"female, 15-49, National"
Proportion of women who have ever experienced intimate partner violence (% of ever-married women ages 15-49),SG.VAW.IPVE.ZS,Peru,PER,2010,38.4,"female, 15-49, National"
Proportion of women who have ever experienced intimate partner violence (% of ever-married women ages 15-49),SG.VAW.IPVE.ZS,Peru,PER,2009,38.8,"female, 15-49, National"
Proportion of women who have ever experienced intimate partner violence (% of ever-married women ages 15-49),SG.VAW.IPVE.ZS,Peru,PER,2008,39.5,"female, 15-49, National"
Proportion of women who have ever experienced intimate partner violence (% of ever-married women ages 15-49),SG.VAW.IPVE.ZS,Peru,PER,2006,40.8,"female, 15-49, National"
Proportion of women who have ever experienced intimate partner violence (% of ever-married women ages 15-49),SG.VAW.IPVE.ZS,Philippines,PHL,2017,12.2,"female, 15-49, National"
Proportion of women who have ever experienced intimate partner violence (% of ever-married women ages 15-49),SG.VAW.IPVE.ZS,Philippines,PHL,2013,14.6,"female, 15-49, National"
Proportion of women who have ever experienced intimate partner violence (% of ever-married women ages 15-49),SG.VAW.IPVE.ZS,Philippines,PHL,2008,17.9,"female, 15-49, National"
Proportion of women who have ever experienced intimate partner violence (% of ever-married women ages 15-49),SG.VAW.IPVE.ZS,Rwanda,RWA,2015,34.4,"female, 15-49, National"
Proportion of women who have ever experienced intimate partner violence (% of ever-married women ages 15-49),SG.VAW.IPVE.ZS,Rwanda,RWA,2010,56.4,"female, 15-49, National"
Proportion of women who have ever experienced intimate partner violence (% of ever-married women ages 15-49),SG.VAW.IPVE.ZS,Rwanda,RWA,2005,34.8,"female, 15-49, National"
Proportion of women who have ever experienced intimate partner violence (% of ever-married women ages 15-49),SG.VAW.IPVE.ZS,Sao Tome and Principe,STP,2009,27.9,"female, 15-49, National"
Proportion of women who have ever experienced intimate partner violence (% of ever-married women ages 15-49),SG.VAW.IPVE.ZS,Senegal,SEN,2019,13.3,"female, 15-49, National"
Proportion of women who have ever experienced intimate partner violence (% of ever-married women ages 15-49),SG.VAW.IPVE.ZS,Senegal,SEN,2018,18,"female, 15-49, National"
Proportion of women who have ever experienced intimate partner violence (% of ever-married women ages 15-49),SG.VAW.IPVE.ZS,Senegal,SEN,2017,20.4,"female, 15-49, National"
Proportion of women who have ever experienced intimate partner violence (% of ever-married women ages 15-49),SG.VAW.IPVE.ZS,Sierra Leone,SLE,2019,51.7,"female, 15-49, National"
Proportion of women who have ever experienced intimate partner violence (% of ever-married women ages 15-49),SG.VAW.IPVE.ZS,Sierra Leone,SLE,2013,45.3,"female, 15-49, National"
Proportion of women who have ever experienced intimate partner violence (% of ever-married women ages 15-49),SG.VAW.IPVE.ZS,South Africa,ZAF,2016,15.8,"female, 15-49, National"
Proportion of women who have ever experienced intimate partner violence (% of ever-married women ages 15-49),SG.VAW.IPVE.ZS,Tajikistan,TJK,2017,25.7,"female, 15-49, National"
Proportion of women who have ever experienced intimate partner violence (% of ever-married women ages 15-49),SG.VAW.IPVE.ZS,Tajikistan,TJK,2012,20.3,"female, 15-49, National"
Proportion of women who have ever experienced intimate partner violence (% of ever-married women ages 15-49),SG.VAW.IPVE.ZS,Tanzania,TZA,2016,41.7,"female, 15-49, National"
Proportion of women who have ever experienced intimate partner violence (% of ever-married women ages 15-49),SG.VAW.IPVE.ZS,Tanzania,TZA,2010,42.2,"female, 15-49, National"
Proportion of women who have ever experienced intimate partner violence (% of ever-married women ages 15-49),SG.VAW.IPVE.ZS,Timor-Leste,TLS,2016,38.1,"female, 15-49, National"
Proportion of women who have ever experienced intimate partner violence (% of ever-married women ages 15-49),SG.VAW.IPVE.ZS,Timor-Leste,TLS,2010,34.6,"female, 15-49, National"
Proportion of women who have ever experienced intimate partner violence (% of ever-married women ages 15-49),SG.VAW.IPVE.ZS,Togo,TGO,2014,22.1,"female, 15-49, National"
Proportion of women who have ever experienced intimate partner violence (% of ever-married women ages 15-49),SG.VAW.IPVE.ZS,Uganda,UGA,2016,46.6,"female, 15-49, National"
Proportion of women who have ever experienced intimate partner violence (% of ever-married women ages 15-49),SG.VAW.IPVE.ZS,Uganda,UGA,2011,50.5,"female, 15-49, National"
Proportion of women who have ever experienced intimate partner violence (% of ever-married women ages 15-49),SG.VAW.IPVE.ZS,Uganda,UGA,2006,59.1,"female, 15-49, National"
Proportion of women who have ever experienced intimate partner violence (% of ever-married women ages 15-49),SG.VAW.IPVE.ZS,Ukraine,UKR,2007,13.2,"female, 15-49, National"
Proportion of women who have ever experienced intimate partner violence (% of ever-married women ages 15-49),SG.VAW.IPVE.ZS,Zambia,ZMB,2018,40.2,"female, 15-49, National"
Proportion of women who have ever experienced intimate partner violence (% of ever-married women ages 15-49),SG.VAW.IPVE.ZS,Zambia,ZMB,2014,42.7,"female, 15-49, National"
Proportion of women who have ever experienced intimate partner violence (% of ever-married women ages 15-49),SG.VAW.IPVE.ZS,Zambia,ZMB,2007,49.4,"female, 15-49, National"
Proportion of women who have ever experienced intimate partner violence (% of ever-married women ages 15-49),SG.VAW.IPVE.ZS,Zimbabwe,ZWE,2015,35.4,"female, 15-49, National"
Proportion of women who have ever experienced intimate partner violence (% of ever-married women ages 15-49),SG.VAW.IPVE.ZS,Zimbabwe,ZWE,2011,42.3,"female, 15-49, National"
Proportion of women who have ever experienced intimate partner violence (% of ever-married women ages 15-49),SG.VAW.IPVE.ZS,Zimbabwe,ZWE,2006,38.2,"female, 15-49, National"
"Proportion of women who have ever experienced intimate partner violence (modeled estimate, % of ever partnered women ages 15+)",SG.VAW.15PL.LT.ME.ZS,East Asia & Pacific,EAS,2018,19.354109903992,"female, 15+, Modeled"
"Proportion of women who have ever experienced intimate partner violence (modeled estimate, % of ever partnered women ages 15+)",SG.VAW.15PL.LT.ME.ZS,Europe & Central Asia,ECS,2018,19.9406996809115,"female, 15+, Modeled"
"Proportion of women who have ever experienced intimate partner violence (modeled estimate, % of ever partnered women ages 15+)",SG.VAW.15PL.LT.ME.ZS,High income,HIC,2018,21.0208744102081,"female, 15+, Modeled"
"Proportion of women who have ever experienced intimate partner violence (modeled estimate, % of ever partnered women ages 15+)",SG.VAW.15PL.LT.ME.ZS,Latin America & Caribbean,LCN,2018,25.9834253545404,"female, 15+, Modeled"
"Proportion of women who have ever experienced intimate partner violence (modeled estimate, % of ever partnered women ages 15+)",SG.VAW.15PL.LT.ME.ZS,Low income,LIC,2018,35.1389834799193,"female, 15+, Modeled"
"Proportion of women who have ever experienced intimate partner violence (modeled estimate, % of ever partnered women ages 15+)",SG.VAW.15PL.LT.ME.ZS,Lower middle income,LMC,2018,31.5538050802196,"female, 15+, Modeled"
"Proportion of women who have ever experienced intimate partner violence (modeled estimate, % of ever partnered women ages 15+)",SG.VAW.15PL.LT.ME.ZS,Middle East & North Africa,MEA,2018,29.3303395325357,"female, 15+, Modeled"
"Proportion of women who have ever experienced intimate partner violence (modeled estimate, % of ever partnered women ages 15+)",SG.VAW.15PL.LT.ME.ZS,North America,NAC,2018,26.7739011758754,"female, 15+, Modeled"
"Proportion of women who have ever experienced intimate partner violence (modeled estimate, % of ever partnered women ages 15+)",SG.VAW.15PL.LT.ME.ZS,South Asia,SAS,2018,34.9027709624728,"female, 15+, Modeled"
"Proportion of women who have ever experienced intimate partner violence (modeled estimate, % of ever partnered women ages 15+)",SG.VAW.15PL.LT.ME.ZS,Sub-Saharan Africa,SSF,2018,32.617553599302,"female, 15+, Modeled"
"Proportion of women who have ever experienced intimate partner violence (modeled estimate, % of ever partnered women ages 15+)",SG.VAW.15PL.LT.ME.ZS,Upper middle income,UMC,2018,21.710573984146,"female, 15+, Modeled"
"Proportion of women who have ever experienced intimate partner violence (modeled estimate, % of ever partnered women ages 15+)",SG.VAW.15PL.LT.ME.ZS,Afghanistan,AFG,2018,48.0819869652677,"female, 15+, Modeled"
"Proportion of women who have ever experienced intimate partner violence (modeled estimate, % of ever partnered women ages 15+)",SG.VAW.15PL.LT.ME.ZS,Albania,ALB,2018,13.0698610300916,"female, 15+, Modeled"
"Proportion of women who have ever experienced intimate partner violence (modeled estimate, % of ever partnered women ages 15+)",SG.VAW.15PL.LT.ME.ZS,Angola,AGO,2018,37.5770590032877,"female, 15+, Modeled"
"Proportion of women who have ever experienced intimate partner violence (modeled estimate, % of ever partnered women ages 15+)",SG.VAW.15PL.LT.ME.ZS,Argentina,ARG,2018,29.8451711635578,"female, 15+, Modeled"
"Proportion of women who have ever experienced intimate partner violence (modeled estimate, % of ever partnered women ages 15+)",SG.VAW.15PL.LT.ME.ZS,Armenia,ARM,2018,10.4738540390284,"female, 15+, Modeled"
"Proportion of women who have ever experienced intimate partner violence (modeled estimate, % of ever partnered women ages 15+)",SG.VAW.15PL.LT.ME.ZS,Australia,AUS,2018,17.1075574511327,"female, 15+, Modeled"
"Proportion of women who have ever experienced intimate partner violence (modeled estimate, % of ever partnered women ages 15+)",SG.VAW.15PL.LT.ME.ZS,Austria,AUT,2018,14.1871564466121,"female, 15+, Modeled"
"Proportion of women who have ever experienced intimate partner violence (modeled estimate, % of ever partnered women ages 15+)",SG.VAW.15PL.LT.ME.ZS,Azerbaijan,AZE,2018,14.0028132640258,"female, 15+, Modeled"
"Proportion of women who have ever experienced intimate partner violence (modeled estimate, % of ever partnered women ages 15+)",SG.VAW.15PL.LT.ME.ZS,Bangladesh,BGD,2018,50.0124786639709,"female, 15+, Modeled"
"Proportion of women who have ever experienced intimate partner violence (modeled estimate, % of ever partnered women ages 15+)",SG.VAW.15PL.LT.ME.ZS,Belarus,BLR,2018,21.8114571853046,"female, 15+, Modeled"
"Proportion of women who have ever experienced intimate partner violence (modeled estimate, % of ever partnered women ages 15+)",SG.VAW.15PL.LT.ME.ZS,Belgium,BEL,2018,19.4231553301982,"female, 15+, Modeled"
"Proportion of women who have ever experienced intimate partner violence (modeled estimate, % of ever partnered women ages 15+)",SG.VAW.15PL.LT.ME.ZS,Belize,BLZ,2018,23.9026123526721,"female, 15+, Modeled"
"Proportion of women who have ever experienced intimate partner violence (modeled estimate, % of ever partnered women ages 15+)",SG.VAW.15PL.LT.ME.ZS,Benin,BEN,2018,24.754884911931,"female, 15+, Modeled"
"Proportion of women who have ever experienced intimate partner violence (modeled estimate, % of ever partnered women ages 15+)",SG.VAW.15PL.LT.ME.ZS,Bhutan,BTN,2018,21.7602839259178,"female, 15+, Modeled"
"Proportion of women who have ever experienced intimate partner violence (modeled estimate, % of ever partnered women ages 15+)",SG.VAW.15PL.LT.ME.ZS,Bolivia,BOL,2018,39.9167674267721,"female, 15+, Modeled"
"Proportion of women who have ever experienced intimate partner violence (modeled estimate, % of ever partnered women ages 15+)",SG.VAW.15PL.LT.ME.ZS,Bosnia and Herzegovina,BIH,2018,13.0927500109487,"female, 15+, Modeled"
"Proportion of women who have ever experienced intimate partner violence (modeled estimate, % of ever partnered women ages 15+)",SG.VAW.15PL.LT.ME.ZS,Botswana,BWA,2018,34.7633227834076,"female, 15+, Modeled"
"Proportion of women who have ever experienced intimate partner violence (modeled estimate, % of ever partnered women ages 15+)",SG.VAW.15PL.LT.ME.ZS,Brazil,BRA,2018,23.6086528085473,"female, 15+, Modeled"
"Proportion of women who have ever experienced intimate partner violence (modeled estimate, % of ever partnered women ages 15+)",SG.VAW.15PL.LT.ME.ZS,Bulgaria,BGR,2018,16.4902496413345,"female, 15+, Modeled"
"Proportion of women who have ever experienced intimate partner violence (modeled estimate, % of ever partnered women ages 15+)",SG.VAW.15PL.LT.ME.ZS,Burkina Faso,BFA,2018,17.9420232799494,"female, 15+, Modeled"
"Proportion of women who have ever experienced intimate partner violence (modeled estimate, % of ever partnered women ages 15+)",SG.VAW.15PL.LT.ME.ZS,Burundi,BDI,2018,40.7455850471498,"female, 15+, Modeled"
"Proportion of women who have ever experienced intimate partner violence (modeled estimate, % of ever partnered women ages 15+)",SG.VAW.15PL.LT.ME.ZS,Cabo Verde,CPV,2018,17.2476372917159,"female, 15+, Modeled"
"Proportion of women who have ever experienced intimate partner violence (modeled estimate, % of ever partnered women ages 15+)",SG.VAW.15PL.LT.ME.ZS,Cambodia,KHM,2018,18.7217057322656,"female, 15+, Modeled"
"Proportion of women who have ever experienced intimate partner violence (modeled estimate, % of ever partnered women ages 15+)",SG.VAW.15PL.LT.ME.ZS,Cameroon,CMR,2018,38.4266686574624,"female, 15+, Modeled"
"Proportion of women who have ever experienced intimate partner violence (modeled estimate, % of ever partnered women ages 15+)",SG.VAW.15PL.LT.ME.ZS,Central African Republic,CAF,2018,27.4537667865264,"female, 15+, Modeled"
"Proportion of women who have ever experienced intimate partner violence (modeled estimate, % of ever partnered women ages 15+)",SG.VAW.15PL.LT.ME.ZS,Chad,TCD,2018,27.7350581702905,"female, 15+, Modeled"
"Proportion of women who have ever experienced intimate partner violence (modeled estimate, % of ever partnered women ages 15+)",SG.VAW.15PL.LT.ME.ZS,Chile,CHL,2018,21.3831107300028,"female, 15+, Modeled"
"Proportion of women who have ever experienced intimate partner violence (modeled estimate, % of ever partnered women ages 15+)",SG.VAW.15PL.LT.ME.ZS,China,CHN,2018,18.4690265759133,"female, 15+, Modeled"
"Proportion of women who have ever experienced intimate partner violence (modeled estimate, % of ever partnered women ages 15+)",SG.VAW.15PL.LT.ME.ZS,Colombia,COL,2018,31.1254099262927,"female, 15+, Modeled"
"Proportion of women who have ever experienced intimate partner violence (modeled estimate, % of ever partnered women ages 15+)",SG.VAW.15PL.LT.ME.ZS,Comoros,COM,2018,15.8977849174588,"female, 15+, Modeled"
"Proportion of women who have ever experienced intimate partner violence (modeled estimate, % of ever partnered women ages 15+)",SG.VAW.15PL.LT.ME.ZS,"Congo, Dem. Rep.",COD,2018,46.8013570678697,"female, 15+, Modeled"
"Proportion of women who have ever experienced intimate partner violence (modeled estimate, % of ever partnered women ages 15+)",SG.VAW.15PL.LT.ME.ZS,Costa Rica,CRI,2018,27.7881425368521,"female, 15+, Modeled"
"Proportion of women who have ever experienced intimate partner violence (modeled estimate, % of ever partnered women ages 15+)",SG.VAW.15PL.LT.ME.ZS,Cote d'Ivoire,CIV,2018,26.5682122882408,"female, 15+, Modeled"
"Proportion of women who have ever experienced intimate partner violence (modeled estimate, % of ever partnered women ages 15+)",SG.VAW.15PL.LT.ME.ZS,Croatia,HRV,2018,13.753557787001,"female, 15+, Modeled"
"Proportion of women who have ever experienced intimate partner violence (modeled estimate, % of ever partnered women ages 15+)",SG.VAW.15PL.LT.ME.ZS,Cuba,CUB,2018,11.9901602946796,"female, 15+, Modeled"
"Proportion of women who have ever experienced intimate partner violence (modeled estimate, % of ever partnered women ages 15+)",SG.VAW.15PL.LT.ME.ZS,Cyprus,CYP,2018,16.1775567506623,"female, 15+, Modeled"
"Proportion of women who have ever experienced intimate partner violence (modeled estimate, % of ever partnered women ages 15+)",SG.VAW.15PL.LT.ME.ZS,Czechia,CZE,2018,18.1632298441472,"female, 15+, Modeled"
"Proportion of women who have ever experienced intimate partner violence (modeled estimate, % of ever partnered women ages 15+)",SG.VAW.15PL.LT.ME.ZS,Denmark,DNK,2018,20.1306130572114,"female, 15+, Modeled"
"Proportion of women who have ever experienced intimate partner violence (modeled estimate, % of ever partnered women ages 15+)",SG.VAW.15PL.LT.ME.ZS,Dominican Republic,DOM,2018,17.9084864388614,"female, 15+, Modeled"
"Proportion of women who have ever experienced intimate partner violence (modeled estimate, % of ever partnered women ages 15+)",SG.VAW.15PL.LT.ME.ZS,Ecuador,ECU,2018,31.6990824832749,"female, 15+, Modeled"
"Proportion of women who have ever experienced intimate partner violence (modeled estimate, % of ever partnered women ages 15+)",SG.VAW.15PL.LT.ME.ZS,"Egypt, Arab Rep.",EGY,2018,27.9123776698109,"female, 15+, Modeled"
"Proportion of women who have ever experienced intimate partner violence (modeled estimate, % of ever partnered women ages 15+)",SG.VAW.15PL.LT.ME.ZS,El Salvador,SLV,2018,22.7471175880778,"female, 15+, Modeled"
"Proportion of women who have ever experienced intimate partner violence (modeled estimate, % of ever partnered women ages 15+)",SG.VAW.15PL.LT.ME.ZS,Equatorial Guinea,GNQ,2018,45.7455767676619,"female, 15+, Modeled"
"Proportion of women who have ever experienced intimate partner violence (modeled estimate, % of ever partnered women ages 15+)",SG.VAW.15PL.LT.ME.ZS,Estonia,EST,2018,17.3166100052552,"female, 15+, Modeled"
"Proportion of women who have ever experienced intimate partner violence (modeled estimate, % of ever partnered women ages 15+)",SG.VAW.15PL.LT.ME.ZS,Ethiopia,ETH,2018,36.5432200017647,"female, 15+, Modeled"
"Proportion of women who have ever experienced intimate partner violence (modeled estimate, % of ever partnered women ages 15+)",SG.VAW.15PL.LT.ME.ZS,Fiji,FJI,2018,49.700552615825,"female, 15+, Modeled"
"Proportion of women who have ever experienced intimate partner violence (modeled estimate, % of ever partnered women ages 15+)",SG.VAW.15PL.LT.ME.ZS,Finland,FIN,2018,21.1813374446716,"female, 15+, Modeled"
"Proportion of women who have ever experienced intimate partner violence (modeled estimate, % of ever partnered women ages 15+)",SG.VAW.15PL.LT.ME.ZS,France,FRA,2018,19.1988905458478,"female, 15+, Modeled"
"Proportion of women who have ever experienced intimate partner violence (modeled estimate, % of ever partnered women ages 15+)",SG.VAW.15PL.LT.ME.ZS,Gabon,GAB,2018,42.4149390650097,"female, 15+, Modeled"
"Proportion of women who have ever experienced intimate partner violence (modeled estimate, % of ever partnered women ages 15+)",SG.VAW.15PL.LT.ME.ZS,"Gambia, The",GMB,2018,23.4297145201668,"female, 15+, Modeled"
"Proportion of women who have ever experienced intimate partner violence (modeled estimate, % of ever partnered women ages 15+)",SG.VAW.15PL.LT.ME.ZS,Georgia,GEO,2018,9.41392250612048,"female, 15+, Modeled"
"Proportion of women who have ever experienced intimate partner violence (modeled estimate, % of ever partnered women ages 15+)",SG.VAW.15PL.LT.ME.ZS,Ghana,GHA,2018,23.4426306658353,"female, 15+, Modeled"
"Proportion of women who have ever experienced intimate partner violence (modeled estimate, % of ever partnered women ages 15+)",SG.VAW.15PL.LT.ME.ZS,Greece,GRC,2018,17.8249262434978,"female, 15+, Modeled"
"Proportion of women who have ever experienced intimate partner violence (modeled estimate, % of ever partnered women ages 15+)",SG.VAW.15PL.LT.ME.ZS,Grenada,GRD,2018,26.8353164602273,"female, 15+, Modeled"
"Proportion of women who have ever experienced intimate partner violence (modeled estimate, % of ever partnered women ages 15+)",SG.VAW.15PL.LT.ME.ZS,Guatemala,GTM,2018,22.4212993196977,"female, 15+, Modeled"
"Proportion of women who have ever experienced intimate partner violence (modeled estimate, % of ever partnered women ages 15+)",SG.VAW.15PL.LT.ME.ZS,Guinea,GIN,2018,34.5681037537145,"female, 15+, Modeled"
"Proportion of women who have ever experienced intimate partner violence (modeled estimate, % of ever partnered women ages 15+)",SG.VAW.15PL.LT.ME.ZS,Guyana,GUY,2018,32.3263680861901,"female, 15+, Modeled"
"Proportion of women who have ever experienced intimate partner violence (modeled estimate, % of ever partnered women ages 15+)",SG.VAW.15PL.LT.ME.ZS,Haiti,HTI,2018,22.207448339667,"female, 15+, Modeled"
"Proportion of women who have ever experienced intimate partner violence (modeled estimate, % of ever partnered women ages 15+)",SG.VAW.15PL.LT.ME.ZS,Honduras,HND,2018,18.4322947401069,"female, 15+, Modeled"
"Proportion of women who have ever experienced intimate partner violence (modeled estimate, % of ever partnered women ages 15+)",SG.VAW.15PL.LT.ME.ZS,"Hong Kong SAR, China",HKG,2018,10.677199663087,"female, 15+, Modeled"
"Proportion of women who have ever experienced intimate partner violence (modeled estimate, % of ever partnered women ages 15+)",SG.VAW.15PL.LT.ME.ZS,Hungary,HUN,2018,15.092628835199,"female, 15+, Modeled"
"Proportion of women who have ever experienced intimate partner violence (modeled estimate, % of ever partnered women ages 15+)",SG.VAW.15PL.LT.ME.ZS,Iceland,ISL,2018,20.5221466893486,"female, 15+, Modeled"
"Proportion of women who have ever experienced intimate partner violence (modeled estimate, % of ever partnered women ages 15+)",SG.VAW.15PL.LT.ME.ZS,India,IND,2018,33.9965338677402,"female, 15+, Modeled"
"Proportion of women who have ever experienced intimate partner violence (modeled estimate, % of ever partnered women ages 15+)",SG.VAW.15PL.LT.ME.ZS,Indonesia,IDN,2018,21.0844704555449,"female, 15+, Modeled"
"Proportion of women who have ever experienced intimate partner violence (modeled estimate, % of ever partnered women ages 15+)",SG.VAW.15PL.LT.ME.ZS,"Iran, Islamic Rep.",IRN,2018,30.5814678176032,"female, 15+, Modeled"
"Proportion of women who have ever experienced intimate partner violence (modeled estimate, % of ever partnered women ages 15+)",SG.VAW.15PL.LT.ME.ZS,Iraq,IRQ,2018,26.2476397223441,"female, 15+, Modeled"
"Proportion of women who have ever experienced intimate partner violence (modeled estimate, % of ever partnered women ages 15+)",SG.VAW.15PL.LT.ME.ZS,Ireland,IRL,2018,13.5078889130184,"female, 15+, Modeled"
"Proportion of women who have ever experienced intimate partner violence (modeled estimate, % of ever partnered women ages 15+)",SG.VAW.15PL.LT.ME.ZS,Italy,ITA,2018,13.1076354151892,"female, 15+, Modeled"
"Proportion of women who have ever experienced intimate partner violence (modeled estimate, % of ever partnered women ages 15+)",SG.VAW.15PL.LT.ME.ZS,Jamaica,JAM,2018,23.1516660755295,"female, 15+, Modeled"
"Proportion of women who have ever experienced intimate partner violence (modeled estimate, % of ever partnered women ages 15+)",SG.VAW.15PL.LT.ME.ZS,Japan,JPN,2018,18.5999050225318,"female, 15+, Modeled"
"Proportion of women who have ever experienced intimate partner violence (modeled estimate, % of ever partnered women ages 15+)",SG.VAW.15PL.LT.ME.ZS,Jordan,JOR,2018,22.5976932320512,"female, 15+, Modeled"
"Proportion of women who have ever experienced intimate partner violence (modeled estimate, % of ever partnered women ages 15+)",SG.VAW.15PL.LT.ME.ZS,Kazakhstan,KAZ,2018,15.7409280796037,"female, 15+, Modeled"
"Proportion of women who have ever experienced intimate partner violence (modeled estimate, % of ever partnered women ages 15+)",SG.VAW.15PL.LT.ME.ZS,Kenya,KEN,2018,38.8613771045484,"female, 15+, Modeled"
"Proportion of women who have ever experienced intimate partner violence (modeled estimate, % of ever partnered women ages 15+)",SG.VAW.15PL.LT.ME.ZS,Kiribati,KIR,2018,52.3581785544061,"female, 15+, Modeled"
"Proportion of women who have ever experienced intimate partner violence (modeled estimate, % of ever partnered women ages 15+)",SG.VAW.15PL.LT.ME.ZS,Kyrgyz Republic,KGZ,2018,21.4376917883697,"female, 15+, Modeled"
"Proportion of women who have ever experienced intimate partner violence (modeled estimate, % of ever partnered women ages 15+)",SG.VAW.15PL.LT.ME.ZS,Lao PDR,LAO,2018,17.5069944003357,"female, 15+, Modeled"
"Proportion of women who have ever experienced intimate partner violence (modeled estimate, % of ever partnered women ages 15+)",SG.VAW.15PL.LT.ME.ZS,Latvia,LVA,2018,24.1495667000127,"female, 15+, Modeled"
"Proportion of women who have ever experienced intimate partner violence (modeled estimate, % of ever partnered women ages 15+)",SG.VAW.15PL.LT.ME.ZS,Lesotho,LSO,2018,40.4464509287079,"female, 15+, Modeled"
"Proportion of women who have ever experienced intimate partner violence (modeled estimate, % of ever partnered women ages 15+)",SG.VAW.15PL.LT.ME.ZS,Liberia,LBR,2018,40.8717714533223,"female, 15+, Modeled"
"Proportion of women who have ever experienced intimate partner violence (modeled estimate, % of ever partnered women ages 15+)",SG.VAW.15PL.LT.ME.ZS,Lithuania,LTU,2018,24.9284664106642,"female, 15+, Modeled"
"Proportion of women who have ever experienced intimate partner violence (modeled estimate, % of ever partnered women ages 15+)",SG.VAW.15PL.LT.ME.ZS,Luxembourg,LUX,2018,18.4327653369383,"female, 15+, Modeled"
"Proportion of women who have ever experienced intimate partner violence (modeled estimate, % of ever partnered women ages 15+)",SG.VAW.15PL.LT.ME.ZS,Malawi,MWI,2018,29.8252613120778,"female, 15+, Modeled"
"Proportion of women who have ever experienced intimate partner violence (modeled estimate, % of ever partnered women ages 15+)",SG.VAW.15PL.LT.ME.ZS,Malaysia,MYS,2018,18.7257216608334,"female, 15+, Modeled"
"Proportion of women who have ever experienced intimate partner violence (modeled estimate, % of ever partnered women ages 15+)",SG.VAW.15PL.LT.ME.ZS,Maldives,MDV,2018,18.1326757163312,"female, 15+, Modeled"
"Proportion of women who have ever experienced intimate partner violence (modeled estimate, % of ever partnered women ages 15+)",SG.VAW.15PL.LT.ME.ZS,Mali,MLI,2018,27.5046263709885,"female, 15+, Modeled"
"Proportion of women who have ever experienced intimate partner violence (modeled estimate, % of ever partnered women ages 15+)",SG.VAW.15PL.LT.ME.ZS,Malta,MLT,2018,12.4507624617344,"female, 15+, Modeled"
"Proportion of women who have ever experienced intimate partner violence (modeled estimate, % of ever partnered women ages 15+)",SG.VAW.15PL.LT.ME.ZS,Marshall Islands,MHL,2018,37.6424400336511,"female, 15+, Modeled"
"Proportion of women who have ever experienced intimate partner violence (modeled estimate, % of ever partnered women ages 15+)",SG.VAW.15PL.LT.ME.ZS,Mexico,MEX,2018,25.79865090683,"female, 15+, Modeled"
"Proportion of women who have ever experienced intimate partner violence (modeled estimate, % of ever partnered women ages 15+)",SG.VAW.15PL.LT.ME.ZS,"Micronesia, Fed. Sts.",FSM,2018,33.9197953168558,"female, 15+, Modeled"
"Proportion of women who have ever experienced intimate partner violence (modeled estimate, % of ever partnered women ages 15+)",SG.VAW.15PL.LT.ME.ZS,Moldova,MDA,2018,28.397687795129,"female, 15+, Modeled"
"Proportion of women who have ever experienced intimate partner violence (modeled estimate, % of ever partnered women ages 15+)",SG.VAW.15PL.LT.ME.ZS,Mongolia,MNG,2018,24.3859382668153,"female, 15+, Modeled"
"Proportion of women who have ever experienced intimate partner violence (modeled estimate, % of ever partnered women ages 15+)",SG.VAW.15PL.LT.ME.ZS,Montenegro,MNE,2018,17.0076297419676,"female, 15+, Modeled"
"Proportion of women who have ever experienced intimate partner violence (modeled estimate, % of ever partnered women ages 15+)",SG.VAW.15PL.LT.ME.ZS,Mozambique,MOZ,2018,29.6786597659446,"female, 15+, Modeled"
"Proportion of women who have ever experienced intimate partner violence (modeled estimate, % of ever partnered women ages 15+)",SG.VAW.15PL.LT.ME.ZS,Myanmar,MMR,2018,18.7480509359002,"female, 15+, Modeled"
"Proportion of women who have ever experienced intimate partner violence (modeled estimate, % of ever partnered women ages 15+)",SG.VAW.15PL.LT.ME.ZS,Namibia,NAM,2018,28.6522546596254,"female, 15+, Modeled"
"Proportion of women who have ever experienced intimate partner violence (modeled estimate, % of ever partnered women ages 15+)",SG.VAW.15PL.LT.ME.ZS,Nauru,NRU,2018,42.8438556123274,"female, 15+, Modeled"
"Proportion of women who have ever experienced intimate partner violence (modeled estimate, % of ever partnered women ages 15+)",SG.VAW.15PL.LT.ME.ZS,Nepal,NPL,2018,27.5520280229738,"female, 15+, Modeled"
"Proportion of women who have ever experienced intimate partner violence (modeled estimate, % of ever partnered women ages 15+)",SG.VAW.15PL.LT.ME.ZS,Netherlands,NLD,2018,19.3258718090538,"female, 15+, Modeled"
"Proportion of women who have ever experienced intimate partner violence (modeled estimate, % of ever partnered women ages 15+)",SG.VAW.15PL.LT.ME.ZS,New Zealand,NZL,2018,19.4071519941454,"female, 15+, Modeled"
"Proportion of women who have ever experienced intimate partner violence (modeled estimate, % of ever partnered women ages 15+)",SG.VAW.15PL.LT.ME.ZS,Nicaragua,NIC,2018,25.7218762857593,"female, 15+, Modeled"
"Proportion of women who have ever experienced intimate partner violence (modeled estimate, % of ever partnered women ages 15+)",SG.VAW.15PL.LT.ME.ZS,Nigeria,NGA,2018,23.2325351590537,"female, 15+, Modeled"
"Proportion of women who have ever experienced intimate partner violence (modeled estimate, % of ever partnered women ages 15+)",SG.VAW.15PL.LT.ME.ZS,North Macedonia,MKD,2018,11.6804230796471,"female, 15+, Modeled"
"Proportion of women who have ever experienced intimate partner violence (modeled estimate, % of ever partnered women ages 15+)",SG.VAW.15PL.LT.ME.ZS,Norway,NOR,2018,19.0486722540395,"female, 15+, Modeled"
"Proportion of women who have ever experienced intimate partner violence (modeled estimate, % of ever partnered women ages 15+)",SG.VAW.15PL.LT.ME.ZS,Pakistan,PAK,2018,27.45818195635,"female, 15+, Modeled"
"Proportion of women who have ever experienced intimate partner violence (modeled estimate, % of ever partnered women ages 15+)",SG.VAW.15PL.LT.ME.ZS,Palau,PLW,2018,30.9477951061741,"female, 15+, Modeled"
"Proportion of women who have ever experienced intimate partner violence (modeled estimate, % of ever partnered women ages 15+)",SG.VAW.15PL.LT.ME.ZS,Panama,PAN,2018,17.2108196547443,"female, 15+, Modeled"
"Proportion of women who have ever experienced intimate partner violence (modeled estimate, % of ever partnered women ages 15+)",SG.VAW.15PL.LT.ME.ZS,Papua New Guinea,PNG,2018,48.1283266704491,"female, 15+, Modeled"
"Proportion of women who have ever experienced intimate partner violence (modeled estimate, % of ever partnered women ages 15+)",SG.VAW.15PL.LT.ME.ZS,Paraguay,PRY,2018,18.5584328911229,"female, 15+, Modeled"
"Proportion of women who have ever experienced intimate partner violence (modeled estimate, % of ever partnered women ages 15+)",SG.VAW.15PL.LT.ME.ZS,Peru,PER,2018,41.9347760580436,"female, 15+, Modeled"
"Proportion of women who have ever experienced intimate partner violence (modeled estimate, % of ever partnered women ages 15+)",SG.VAW.15PL.LT.ME.ZS,Philippines,PHL,2018,13.2754933381374,"female, 15+, Modeled"
"Proportion of women who have ever experienced intimate partner violence (modeled estimate, % of ever partnered women ages 15+)",SG.VAW.15PL.LT.ME.ZS,Poland,POL,2018,13.2201570899191,"female, 15+, Modeled"
"Proportion of women who have ever experienced intimate partner violence (modeled estimate, % of ever partnered women ages 15+)",SG.VAW.15PL.LT.ME.ZS,Portugal,PRT,2018,18.8867924450003,"female, 15+, Modeled"
"Proportion of women who have ever experienced intimate partner violence (modeled estimate, % of ever partnered women ages 15+)",SG.VAW.15PL.LT.ME.ZS,Romania,ROU,2018,19.5874482139861,"female, 15+, Modeled"
"Proportion of women who have ever experienced intimate partner violence (modeled estimate, % of ever partnered women ages 15+)",SG.VAW.15PL.LT.ME.ZS,Rwanda,RWA,2018,38.0320524535086,"female, 15+, Modeled"
"Proportion of women who have ever experienced intimate partner violence (modeled estimate, % of ever partnered women ages 15+)",SG.VAW.15PL.LT.ME.ZS,Samoa,WSM,2018,40.3712102935455,"female, 15+, Modeled"
"Proportion of women who have ever experienced intimate partner violence (modeled estimate, % of ever partnered women ages 15+)",SG.VAW.15PL.LT.ME.ZS,Sao Tome and Principe,STP,2018,25.6285655195592,"female, 15+, Modeled"
"Proportion of women who have ever experienced intimate partner violence (modeled estimate, % of ever partnered women ages 15+)",SG.VAW.15PL.LT.ME.ZS,Senegal,SEN,2018,22.9223414621047,"female, 15+, Modeled"
"Proportion of women who have ever experienced intimate partner violence (modeled estimate, % of ever partnered women ages 15+)",SG.VAW.15PL.LT.ME.ZS,Serbia,SRB,2018,16.7961176163194,"female, 15+, Modeled"
"Proportion of women who have ever experienced intimate partner violence (modeled estimate, % of ever partnered women ages 15+)",SG.VAW.15PL.LT.ME.ZS,Sierra Leone,SLE,2018,34.4556692269826,"female, 15+, Modeled"
"Proportion of women who have ever experienced intimate partner violence (modeled estimate, % of ever partnered women ages 15+)",SG.VAW.15PL.LT.ME.ZS,Singapore,SGP,2018,9.41176649013853,"female, 15+, Modeled"
"Proportion of women who have ever experienced intimate partner violence (modeled estimate, % of ever partnered women ages 15+)",SG.VAW.15PL.LT.ME.ZS,Slovak Republic,SVK,2018,18.274595776676,"female, 15+, Modeled"
"Proportion of women who have ever experienced intimate partner violence (modeled estimate, % of ever partnered women ages 15+)",SG.VAW.15PL.LT.ME.ZS,Slovenia,SVN,2018,16.6977012882836,"female, 15+, Modeled"
"Proportion of women who have ever experienced intimate partner violence (modeled estimate, % of ever partnered women ages 15+)",SG.VAW.15PL.LT.ME.ZS,Solomon Islands,SLB,2018,49.9395199042331,"female, 15+, Modeled"
"Proportion of women who have ever experienced intimate partner violence (modeled estimate, % of ever partnered women ages 15+)",SG.VAW.15PL.LT.ME.ZS,South Africa,ZAF,2018,22.9980246585618,"female, 15+, Modeled"
"Proportion of women who have ever experienced intimate partner violence (modeled estimate, % of ever partnered women ages 15+)",SG.VAW.15PL.LT.ME.ZS,South Sudan,SSD,2018,41.0877361702495,"female, 15+, Modeled"
"Proportion of women who have ever experienced intimate partner violence (modeled estimate, % of ever partnered women ages 15+)",SG.VAW.15PL.LT.ME.ZS,Spain,ESP,2018,13.0234139327186,"female, 15+, Modeled"
"Proportion of women who have ever experienced intimate partner violence (modeled estimate, % of ever partnered women ages 15+)",SG.VAW.15PL.LT.ME.ZS,Sri Lanka,LKA,2018,23.1083343401436,"female, 15+, Modeled"
"Proportion of women who have ever experienced intimate partner violence (modeled estimate, % of ever partnered women ages 15+)",SG.VAW.15PL.LT.ME.ZS,Suriname,SUR,2018,27.3583475060328,"female, 15+, Modeled"
"Proportion of women who have ever experienced intimate partner violence (modeled estimate, % of ever partnered women ages 15+)",SG.VAW.15PL.LT.ME.ZS,Sweden,SWE,2018,20.4520437788082,"female, 15+, Modeled"
"Proportion of women who have ever experienced intimate partner violence (modeled estimate, % of ever partnered women ages 15+)",SG.VAW.15PL.LT.ME.ZS,Switzerland,CHE,2018,10.7492313758993,"female, 15+, Modeled"
"Proportion of women who have ever experienced intimate partner violence (modeled estimate, % of ever partnered women ages 15+)",SG.VAW.15PL.LT.ME.ZS,Tajikistan,TJK,2018,22.9292093567797,"female, 15+, Modeled"
"Proportion of women who have ever experienced intimate partner violence (modeled estimate, % of ever partnered women ages 15+)",SG.VAW.15PL.LT.ME.ZS,Tanzania,TZA,2018,38.1858778516277,"female, 15+, Modeled"
"Proportion of women who have ever experienced intimate partner violence (modeled estimate, % of ever partnered women ages 15+)",SG.VAW.15PL.LT.ME.ZS,Thailand,THA,2018,22.1507543943943,"female, 15+, Modeled"
"Proportion of women who have ever experienced intimate partner violence (modeled estimate, % of ever partnered women ages 15+)",SG.VAW.15PL.LT.ME.ZS,Timor-Leste,TLS,2018,35.7770541271143,"female, 15+, Modeled"
"Proportion of women who have ever experienced intimate partner violence (modeled estimate, % of ever partnered women ages 15+)",SG.VAW.15PL.LT.ME.ZS,Togo,TGO,2018,24.3431105319135,"female, 15+, Modeled"
"Proportion of women who have ever experienced intimate partner violence (modeled estimate, % of ever partnered women ages 15+)",SG.VAW.15PL.LT.ME.ZS,Tonga,TON,2018,37.3231027835909,"female, 15+, Modeled"
"Proportion of women who have ever experienced intimate partner violence (modeled estimate, % of ever partnered women ages 15+)",SG.VAW.15PL.LT.ME.ZS,Trinidad and Tobago,TTO,2018,28.5224130420137,"female, 15+, Modeled"
"Proportion of women who have ever experienced intimate partner violence (modeled estimate, % of ever partnered women ages 15+)",SG.VAW.15PL.LT.ME.ZS,Tunisia,TUN,2018,26.3200943845062,"female, 15+, Modeled"
"Proportion of women who have ever experienced intimate partner violence (modeled estimate, % of ever partnered women ages 15+)",SG.VAW.15PL.LT.ME.ZS,Turkiye,TUR,2018,36.255050284538,"female, 15+, Modeled"
"Proportion of women who have ever experienced intimate partner violence (modeled estimate, % of ever partnered women ages 15+)",SG.VAW.15PL.LT.ME.ZS,Tuvalu,TUV,2018,38.6000386825525,"female, 15+, Modeled"
"Proportion of women who have ever experienced intimate partner violence (modeled estimate, % of ever partnered women ages 15+)",SG.VAW.15PL.LT.ME.ZS,Uganda,UGA,2018,45.9321865728156,"female, 15+, Modeled"
"Proportion of women who have ever experienced intimate partner violence (modeled estimate, % of ever partnered women ages 15+)",SG.VAW.15PL.LT.ME.ZS,Ukraine,UKR,2018,19.3324087178834,"female, 15+, Modeled"
"Proportion of women who have ever experienced intimate partner violence (modeled estimate, % of ever partnered women ages 15+)",SG.VAW.15PL.LT.ME.ZS,United Kingdom,GBR,2018,22.2069030660761,"female, 15+, Modeled"
"Proportion of women who have ever experienced intimate partner violence (modeled estimate, % of ever partnered women ages 15+)",SG.VAW.15PL.LT.ME.ZS,United States,USA,2018,27.9690515234259,"female, 15+, Modeled"
"Proportion of women who have ever experienced intimate partner violence (modeled estimate, % of ever partnered women ages 15+)",SG.VAW.15PL.LT.ME.ZS,Uruguay,URY,2018,18.4856499372616,"female, 15+, Modeled"
"Proportion of women who have ever experienced intimate partner violence (modeled estimate, % of ever partnered women ages 15+)",SG.VAW.15PL.LT.ME.ZS,Vanuatu,VUT,2018,48.5432237752336,"female, 15+, Modeled"
"Proportion of women who have ever experienced intimate partner violence (modeled estimate, % of ever partnered women ages 15+)",SG.VAW.15PL.LT.ME.ZS,"Venezuela, RB",VEN,2018,21.5008250021894,"female, 15+, Modeled"
"Proportion of women who have ever experienced intimate partner violence (modeled estimate, % of ever partnered women ages 15+)",SG.VAW.15PL.LT.ME.ZS,Vietnam,VNM,2018,25.1925653036573,"female, 15+, Modeled"
"Proportion of women who have ever experienced intimate partner violence (modeled estimate, % of ever partnered women ages 15+)",SG.VAW.15PL.LT.ME.ZS,West Bank and Gaza,PSE,2018,28.4685770035018,"female, 15+, Modeled"
"Proportion of women who have ever experienced intimate partner violence (modeled estimate, % of ever partnered women ages 15+)",SG.VAW.15PL.LT.ME.ZS,Zambia,ZMB,2018,41.0051563088904,"female, 15+, Modeled"
"Proportion of women who have ever experienced intimate partner violence (modeled estimate, % of ever partnered women ages 15+)",SG.VAW.15PL.LT.ME.ZS,Zimbabwe,ZWE,2018,35.2466222336481,"female, 15+, Modeled"
